{
    "type": "FeatureCollection",
    "features": [
        {
            "type": "Feature",
            "id": 186,
            "geometry": {
                "type": "Point",
                "coordinates": [
                    53.996033363751,
                    27.544784545898
                ]
            },
            "properties": {
                "userid": "30",
                "name": "vfvfd",
                "type": "Emil",
                "note": "vfvdfvdf"
            }
        },
        {
            "type": "Feature",
            "id": 181,
            "geometry": {
                "type": "Point",
                "coordinates": [
                    28.65234375,
                    52.819363001598
                ]
            },
            "properties": {
                "userid": "30",
                "name": "hhgfhfg",
                "type": "Tobias",
                "note": "hfhghfghgf"
            }
        },
        {
            "type": "Feature",
            "id": 182,
            "geometry": {
                "type": "Point",
                "coordinates": [
                    27.513198852539,
                    53.914172061831
                ]
            },
            "properties": {
                "userid": "30",
                "name": "vfdvdfvd",
                "type": "Tobias",
                "note": "vfvdfvdf"
            }
        },
        {
            "type": "Feature",
            "id": 183,
            "geometry": {
                "type": "Point",
                "coordinates": [
                    27.586669921875,
                    53.933176030067
                ]
            },
            "properties": {
                "userid": "30",
                "name": "rgfgdg",
                "type": "img\/coffe.png",
                "note": "gdfgdgd",
                "eventdate": "1970-01-02"
            }
        },
        {
            "type": "Feature",
            "id": 184,
            "geometry": {
                "type": "Point",
                "coordinates": [
                    27.541351318359,
                    53.939687700005
                ]
            },
            "properties": {
                "userid": "30",
                "name": "bgbfbf",
                "type": "img\/bar.png",
                "note": "bgbgf",
                "eventdate": "2016-10-10"
            }
        },
        {
            "type": "Feature",
            "id": 185,
            "geometry": {
                "type": "Point",
                "coordinates": [
                    27.538604736328,
                    53.971000251017
                ]
            },
            "properties": {
                "userid": "30",
                "name": "vfvdv",
                "type": "img\/coffe.png",
                "note": "gfgdgdfgd",
                "eventdate": "2016-10-04",
                "eventTime": "01:04:00"
            }
        },
        {
            "type": "Feature",
            "id": 186,
            "geometry": {
                "type": "Point",
                "coordinates": [
                    27.579803466797,
                    53.933624489968
                ]
            },
            "properties": {
                "userid": "30",
                "name": "dfdfdf",
                "type": "img\/bar.png",
                "note": "dfsfsdfs",
                "eventdate": "2016-10-04",
                "eventTime": "17:58:00"
            }
        },
        {
            "type": "Feature",
            "id": 187,
            "geometry": {
                "type": "Point",
                "coordinates": [
                    27.55989074707,
                    53.890550359052
                ]
            },
            "properties": {
                "userid": "30",
                "name": "vfvdvd",
                "type": "img\/bar.png",
                "note": "fgfgdgd",
                "eventdate": "2016-10-03",
                "eventTime": "01:44:00"
            }
        }
    ]
}