{
    "type": "FeatureCollection",
    "features": [
        {
            "type": "Feature",
            "id": 173,
            "geometry": {
                "type": "Point",
                "coordinates": [
                    27.566070556641,
                    53.927389833523
                ]
            },
            "properties": {
                "userid": "11",
                "name": "minsk",
                "type": "img\/bar.png",
                "note": "minsk"
            }
        },
        {
            "type": "Feature",
            "id": 174,
            "geometry": {
                "type": "Point",
                "coordinates": [
                    27.528991699219,
                    53.898269810209
                ]
            },
            "properties": {
                "userid": "11",
                "name": "minsk",
                "type": "img\/restaurant.png",
                "note": "minsk"
            }
        },
        {
            "type": "Feature",
            "id": 175,
            "geometry": {
                "type": "Point",
                "coordinates": [
                    27.565383911133,
                    53.914450107761
                ]
            },
            "properties": {
                "userid": "11",
                "name": "minsk",
                "type": "img\/coffee.png",
                "note": "minsk"
            }
        },
        {
            "type": "Feature",
            "id": 176,
            "geometry": {
                "type": "Point",
                "coordinates": [
                    27.574996948242,
                    53.891795936181
                ]
            },
            "properties": {
                "userid": "11",
                "name": "minsk",
                "type": "img\/bar.png",
                "note": "minsk"
            }
        },
        {
            "type": "Feature",
            "id": 177,
            "geometry": {
                "type": "Point",
                "coordinates": [
                    27.53791809082,
                    53.887142219716
                ]
            },
            "properties": {
                "userid": "11",
                "name": "minsk",
                "type": "img\/restaurant.png",
                "note": "minsk"
            }
        },
        {
            "type": "Feature",
            "id": 178,
            "geometry": {
                "type": "Point",
                "coordinates": [
                    27.577743530273,
                    53.913034581931
                ]
            },
            "properties": {
                "userid": "11",
                "name": "minsk",
                "type": "img\/coffee.png",
                "note": "minsk"
            }
        },
        {
            "type": "Feature",
            "id": 179,
            "geometry": {
                "type": "Point",
                "coordinates": [
                    27.488479614258,
                    53.923750941014
                ]
            },
            "properties": {
                "userid": "11",
                "name": "mins",
                "type": "img\/bar.png",
                "note": "minsk"
            }
        },
        {
            "type": "Feature",
            "id": 180,
            "geometry": {
                "type": "Point",
                "coordinates": [
                    27.622375488281,
                    53.901506371132
                ]
            },
            "properties": {
                "userid": "11",
                "name": "minski",
                "type": "img\/coffee.png",
                "note": "minsk"
            }
        }
    ]
}